Q1. WRITE A QUERY TO DISPLAY ALL THE DETAILS FROM THE EMPLOYEE TABLE.

1. SQL> SET LINE 200
SQL> SET PAGES 50
SQL> SELECT * FROM EMP;

     EMPNO ENAME      JOB              MGR HIREDATE         SAL       COMM     DEPTNO
---------- ---------- --------- ---------- --------- ---------- ---------- ----------
      7369 SMITH      CLERK           7902 17-DEC-80        800                    20
      7499 ALLEN      SALESMAN        7698 20-FEB-81       1600        300         30
      7521 WARD       SALESMAN        7698 22-FEB-81       1250        500         30
      7566 JONES      MANAGER         7839 02-APR-81       2975                    20
      7654 MARTIN     SALESMAN        7698 28-SEP-81       1250       1400         30
      7698 BLAKE      MANAGER         7839 01-MAY-81       2850                    30
      7782 CLARK      MANAGER         7839 09-JUN-81       2450                    10
      7788 SCOTT      ANALYST         7566 19-APR-87       3000                    20
      7839 KING       PRESIDENT            17-NOV-81       5000                    10
      7844 TURNER     SALESMAN        7698 08-SEP-81       1500          0         30
      7876 ADAMS      CLERK           7788 23-MAY-87       1100                    20
      7900 JAMES      CLERK           7698 03-DEC-81        950                    30
      7902 FORD       ANALYST         7566 03-DEC-81       3000                    20
      7934 MILLER     CLERK           7782 23-JAN-82       1300                    10


Q2.WAQTD NAMES OF ALL THE EMPLOYEES. 

2. SQL> SELECT ENAME FROM EMP;

ENAME
----------
SMITH
ALLEN
WARD
JONES
MARTIN
BLAKE
CLARK
SCOTT
KING
TURNER
ADAMS
JAMES
FORD
MILLER

14 rows selected.

Q3. WAQTD NAME AND SALARY GIVEN TO ALL THE EMPLOYEES.

3.SQL> SELECT ENAME, SAL FROM EMP;

ENAME             SAL
---------- ----------
SMITH             800
ALLEN            1600
WARD             1250
JONES            2975
MARTIN           1250
BLAKE            2850
CLARK            2450
SCOTT            3000
KING             5000
TURNER           1500
ADAMS            1100
JAMES             950
FORD             3000
MILLER           1300

14 rows selected.


Q4. WAQTD NAME AND COMMISSION GIVEN TO ALL THE EMPLOYEES.

4.SQL> SELECT ENAME, COMM FROM EMP;

ENAME            COMM
---------- ----------
SMITH
ALLEN             300
WARD              500
JONES
MARTIN           1400
BLAKE
CLARK
SCOTT
KING
TURNER              0
ADAMS
JAMES
FORD
MILLER

14 rows selected.

Q5. WAQTD EMPLOYEES ID AND DEPARTMENT NUMBER OF ALL THE EMPLOYEES.

5. SQL> SELECT EMPNO,DEPTNO FROM EMP;

     EMPNO     DEPTNO
---------- ----------
      7369         20
      7499         30
      7521         30
      7566         20
      7654         30
      7698         30
      7782         10
      7788         20
      7839         10
      7844         30
      7876         20
      7900         30
      7902         20
      7934         10

14 rows selected.


Q6. WAQTD ENAME AND HIREDATE OF ALL THE EMPLOYEES.

6. SQL> SELECT ENAME,HIREDATE FROM EMP;

ENAME      HIREDATE
---------- ---------
SMITH      17-DEC-80
ALLEN      20-FEB-81
WARD       22-FEB-81
JONES      02-APR-81
MARTIN     28-SEP-81
BLAKE      01-MAY-81
CLARK      09-JUN-81
SCOTT      19-APR-87
KING       17-NOV-81
TURNER     08-SEP-81
ADAMS      23-MAY-87
JAMES      03-DEC-81
FORD       03-DEC-81
MILLER     23-JAN-82

14 rows selected.


Q7. WAQTD ENAME AND HIREDA OF ALL THE EMPLOYEES.

7. SQL> SELECT ENAME,JOB FROM EMP;

ENAME      JOB
---------- ---------
SMITH      CLERK
ALLEN      SALESMAN
WARD       SALESMAN
JONES      MANAGER
MARTIN     SALESMAN
BLAKE      MANAGER
CLARK      MANAGER
SCOTT      ANALYST
KING       PRESIDENT
TURNER     SALESMAN
ADAMS      CLERK
JAMES      CLERK
FORD       ANALYST
MILLER     CLERK

14 rows selected.


Q8. WAQTD NAME,JOB AND SALARY GIVEN TO ALL THE EMPLOYEES.

8. SQL> SELECT ENAME,JOB,SAL FROM EMP;

ENAME      JOB              SAL
---------- --------- ----------
SMITH      CLERK            800
ALLEN      SALESMAN        1600
WARD       SALESMAN        1250
JONES      MANAGER         2975
MARTIN     SALESMAN        1250
BLAKE      MANAGER         2850
CLARK      MANAGER         2450
SCOTT      ANALYST         3000
KING       PRESIDENT       5000
TURNER     SALESMAN        1500
ADAMS      CLERK           1100
JAMES      CLERK            950
FORD       ANALYST         3000
MILLER     CLERK           1300

14 rows selected.


Q9. WAQTD DNAMES PRESENT IN DEPARTMENT TABLE.

9. SQL> SELECT DNAME FROM DEPT;

DNAME
--------------
ACCOUNTING
RESEARCH
SALES
OPERATIONS


Q10. WAQTD DNAME AND LOCATION PRESENT IN DEPT TABLE.

10.SQL> SELECT DNAME,LOC FROM DEPT;

DNAME          LOC
-------------- -------------
ACCOUNTING     NEW YORK
RESEARCH       DALLAS
SALES          CHICAGO
OPERATIONS     BOSTON
